ID,Nome,Nível
1,(1) Ajuste de Arte,1
2,(2) Ajuste em Arte Pronta,1
3,(3) Ajuste em Fotos,1
4,(4) Correção em Arte,1
5,(5) Criação de Arte para Telegram,3
6,(6) Criação de Arte para TV Corporativa,3
7,(7) Criação de Adesivo Grande,4
8,(8) Criação de Adesivo Pequeno,2
9,(9) Criação de Arte para E-mail,3
10,(10) Criação de Arte para Feira,3
11,(11) Criação de Banner,3
12,(12) Criação de Banner para Blog,3
13,(13) Criação de Carta,3
14,(14) Edição de Cartão de Visita,2
15,(15) Criação de Convite,3
16,(16) Criação de Flyer,3
17,(17) Criação de Landing Page,4
18,(18) Criação de Layout de Brindes,3
19,(19) Criação de Logo,3
20,(20) Criação de Outdoor,3
21,(21) Criação de Story,3
22,(22) Criação de Wallpaper,3
23,(23) Criação de Post,3
24,(24) Criação de Mockup,4
25,(25) Diagramação por Página,3
26,(26) Criação de Foto de Perfil,3
27,(27) Montagem em Imagem,3
28,(28) Criação de Formulário,3
29,(29) Ajuste em Formulário,2
30,(30) Criação de PDF Preenchível,4
31,(31) Ajuste em PDF,2
32,(32) Operação de OBS,1
33,(33) Criação de Tabela no Excel,1
34,(34) Post Telegram,2
35,(35) Criação de Canal no Telegram,1
36,(36) Fechamento de arquivo,1
37,(37) Criação de Texto Curto (Telegram e Redes Sociais) ,2
38,"(38) Criação de Texto Médio (Apresentação de Produtos, Lançamentos)",3
39,"(39) Criação de Texto Longo (Reportagens, Revistas e Redes sociais)",4
40,(40) Gravação de Vídeo Simples,2
41,(41) Gravação de Vídeo Complexo,4
42,(42) Correção de Texto ,2
43,(43) Edição de Vídeo Simples,2
44,(44) Edição de Vídeo Complexa,3
45,(45) Roteiro da Live da Semana,4
46,(46) Ajuste de Arte para o Café com a Direção,1
47,(47) Produção de Fotos de Colaboradores no Fundo Branco,2
48,(48) Produção de Fotos de Colaboradores nos Cenários da Loja,1
49,(49) Produção de Fotos Externas (fora de União da Vitória),4
50,(50) Criação de Roteiro para Vídeo e Áudio,3
51,(51) Gravação de Vídeo Externo (fora de União da Vitória),4
52,(52) Pormade na Mídia ,1
53,(53) Criar Programação Rise Vision,3
54,(54) Alteração de Arte no Rise Vision,1
55,(55) Roteiro para Gravação de Áudio (Locução),2
56,(56) Montagem de Equipamentos para Gravação de Áudio no estúdio (Locução),1
57,(57) Gravação de Áudio (Locução),3
58,(58) Edição de Áudio (Locução) ,3
59,(59) Teste de Áudio (Transmissão ao vivo),1
60,(60) Operação de Áudio (Transmissão ao vivo) ,4
61,(61) Suporte Técnico (Auditório) ,3
62,(62) Revisão e Manutenção de Áudio ,2
63,(63) Captura de imagens (Foto),2
64,(64) INUTILIZAR,1
65,(65) Captura de Imagens (Vídeo) ,2
66,(66) Criação de Vídeo no After Effects,4
67,(67) Animação de vídeo ,4
68,(68) Criação de Imagens (Vídeo) ,1
69,(69) Manutenção do Estúdio ,2
70,(70) Organização do Estúdio (Transmissão ao vivo) ,1
71,(71) Apresentação (Transmissão ao vivo) ,1
72,(72) Apresentação (Integração) ,1
73,(73) Apresentação (Gravação) ,1
74,(74) Suporte Técnico (Transmissão ao vivo),4
75,(75) Revisão e Manutenção de Equipamentos do Estúdio ,3
76,(76) Configuração do OBS,1
77,(77) Leitura de Comentários da Live,1
78,(78) Impressões,1
79,(79) Criação de Mapa,1
80,(80) Edição do Mapa,1
81,(81) Libras,1
82,(82) Pagamento de Live,1
83,(83) Sorteio da Live no Pátio,1
84,(84) Criação de Slides,3
85,(85) Manutenção de Slides,2
86,(86) Criação de Arte para Formulário,3
87,(87) Criação de arte complexa para apresentação,4
88,(88) Criação arte para impressão em porta,4
89,(89) Criação de arte para perfil corporativo,3
90,(90) Criação de arte para capa do EAD,1
91,(91) Criação de arte para veículos,4
92,(92) Escaneamento em PDF,1
93,(93) Criação de arte para redes sociais,3
94,(94) Criação de arte para mapa,1
95,(95) Criação de arte para apresentação,3
96,(96) Edição de lona,1
97,(97) Criação de QR Code,1
98,(98) Edição de QR Code (essa é para alterar o link quando o QR já está criado),1
99,(99) Criação de catálogo,4
100,(100) Edição de catálogo,2
101,(101) Correção de texto curto,2
102,(102) Correção de texto longo,4
103,(103) Criação de legenda curta,2
104,(104) Criação de legenda média,3
105,(105) Criação de legenda longa,4
106,(106) Correção de legenda curta,1
107,(107) Correção de legenda média,2
108,(108) Correção de legenda longa,3
109,(109) Inclusão Drive Pormade,2
110,(110) Alteração Drive Pormade,1
111,(111) Criação de Banner para Site,3
112,(112) Criação de Banner para Site Mobile,3
113,(113) Ajuste de Arte para Campanha Criteo,2
114,(114) Criação de arte para copo,3
115,(115) Criação de placa,2
116,(116) Diagramação (lotes de 1 a 10 folhas),3
117,(117) Diagramação (lotes de 11 a 50 folhas),4
118,(118) Diagramação (lotes acima de 50 folhas),4
119,(119) Fechamento de arquivo (pequeno),2
120,(120) Fechamento de arquivo (grande),4
121,(121) Aniversariante do dia (lotes de 1 a 5),1
122,(122) Aniversariante do dia (lotes de 6 a 15),2
123,(123) Aniversariante do dia (lotes de 16 a 30),3
124,(124) Aniversariante do dia (lotes acima de 30),4
125,(125) Criação campanha promoção do mês,4
126,(126) Ajuste campanha promoção do mês - google,2
127,(127) Aniversariante de empresa (lotes de 16 a 30),3
128,(128) Aniversariante de empresa (lotes acima de 30),4
129,(129) Criação de thumbnail,3
130,(130) Criação de capa para vídeo,1
131,(131) Compartilhar link da live,1
132,(132) Criação de circular,3
133,(133) Criação de arte para PDF editável,3
134,(134) Alteração de mockup,3
135,(135) Criação de anúncio para revista,4
136,(136) Criação de cartão,3
137,(137) Upload de vídeo,1
138,(138) Edição de imagem,3
139,(139) Refação de vídeo,1
140,(140) Ajuste campanha promoção do mês - redes sociais,2
141,(141) Ajuste campanha promoção do mês - site,2
142,(142) Criar link no youtube,2
143,(143) Criação de crachá,3
144,(144) Manutenção de crachá,2
145,(145) Criação de ícone,2
146,(146) Criação de arte para mini porta,3
147,(147) Criação de arte para o rise vision,3
148,(148) Criação de arte para camisas/camisetas,4
149,(149) Impressão colorida,1
150,(150) Alteração Caixa de Amostras,3
151,(151) Foto de produto,4
152,"(152) Entrevista externa (Feiras, eventos)",4
153,(153) Inclusão de dados agenda Pormade móvel (de 20 a 30),1
154,(154) Inclusão de dados agenda Pormade móvel (de 31 a 60),1
155,(155) Inclusão de dados agenda Pormade móvel (acima de 60),1
156,(156) Adaptação de post para storie,2
157,(157) Remover fundo de imagens,2
158,(158) Conversão de formato de arquivos de áudio,1
159,(159) Inativar formulário,2
160,(160) Criar formulário | ADVA,2
161,(161) Criação de arte para slides,2
162,(162) Criação de arte para evento,3
163,(163) Criação de moldura (spin 360º),2
164,(164) Gravação de vídeo com a GoPro 360º,3
165,(165) Edição de vídeo complexo com a GoPro 360º,4
166,(166) Orçar compra de equipamentos,1
167,(167) Orçar material gráfico,1
168,(168) Correção de texto médio,3
169,(169) Edição do Mapa (Entre 1 a 10),1
170,(170) Edição do Mapa (Entre 11 a 30),1
171,(171) Edição do Mapa (Acima de 30),1
172,(172) Criação de apresentação no Prezi,1
173,(173) Produção de fotos | F2,2
174,(174) Correção de roteiro,3
175,(175) Gravação de vídeo | Média complexidade,3
176,(176) Criação de roteiro | Vídeo complexo,4
177,(177) Pergunta fácil/média | Papo com a Direção,1
178,(178) Pergunta difícil | Papo com a Direção,1
179,(179) Transmissão ao vivo,1
180,(180) Sorteio ao vivo,1
181,(181) Criação de certificado,2
182,(182) Automatização de certificado no Jotform,2
183,(183) Suporte Técnico (Evento Externo),4
184,(184) Edição de vídeo | Feira e eventos externos,4
185,(185) Arte para porta | Linha HD,4
186,(186) Criar FlipSnack,3
187,(187) Link para PDF preenchível,2
188,(188) Fotos em eventos,3
189,(189) Vetorização de imagem,3
190,(190) Criação de Identidade Visual,4
191,(191) Automatização de arte no InDesign,3
192,(192) Criação de app no JotForm,4
193,(193) Edição de imagem (foto) para vídeo - Baixa complexidade,1
194,(194) Edição de imagem (foto) para vídeo - Média complexidade,2
195,(195) Edição de imagem (foto) para vídeo - Alta complexidade,3
196,(196) Cartaz à mão,1
197,(197) Criação de arte para shaft,3
198,(198) Ajuste de formulário + QR Code,3
199,(199) Alteração complexa de formulário,2
200,(200) Criação eventos Google Agenda,1
201,(201) Criação de convite para jurados | Festival da Canção,3
202,(202) Organização do corpo de jurados | Festival da Canção,4
203,(203) Edição de músicas para o Festival da Canção | Alteração de tonalidade,3
204,Organização dos participantes | Festival da Canção,1
205,Organização da banda | Festival da Canção,4
206,(206) Criação e edição das cédulas de votação para os jurados do Festival da Canção,1
207,Foto profissional no estúdio,4
208,Arte botão Stream Ddeck,1
209,Arte personalização de Convenção,2
210,(210) Produção de vídeo,4
211,(211) Marcar entrevista e acompanhamento,4
212,Criação de adesivo médio,3
213,Modelagem 3D,4
214,Texturização 3D,4
215,Renderização 3D,4